Model,Accuracy,Precision,Recall,F1,ROC-AUC,PR-AUC,TP,TN,FP,FN
Proxy Random Forest,0.9893617021276596,0.5833333333333334,0.7,0.6363636363636365,0.9890161725067386,0.6954016718805451,7,737,5,3
Logistic Regression,0.9175531914893617,0.1388888888888889,1.0,0.24390243902439027,0.9768194070080862,0.27939255179111117,10,680,62,0
Decision Tree,0.9920212765957447,0.7,0.7,0.7,0.8479784366576819,0.7019946808510638,7,739,3,3
Random Forest,0.9893617021276596,0.5833333333333334,0.7,0.6363636363636365,0.9890161725067386,0.6954016718805451,7,737,5,3
XGBoost,0.9920212765957447,0.75,0.6,0.6666666666666665,0.9924528301886792,0.7732212312433172,6,740,2,4
