Model,CV Accuracy Mean,CV Accuracy Std,CV Precision Mean,CV Precision Std,CV Recall Mean,CV Recall Std,CV F1 Mean,CV F1 Std
Proxy Random Forest,0.9858907980848232,0.005165987368564249,0.4932167832167832,0.15862871460972455,0.6133333333333333,0.14391355429948602,0.5376623376623377,0.1390337094712409
Logistic Regression,0.9172224268351419,0.006362970805560254,0.13439566658581936,0.0056570560173667935,0.9800000000000001,0.03999999999999999,0.23633350031791295,0.009383780836136443
Decision Tree,0.9837613678216279,0.004333113219170226,0.4257142857142857,0.12042441951832912,0.5733333333333333,0.1420485050177501,0.4813175230566535,0.11274531870010483
Random Forest,0.9858907980848232,0.005165987368564249,0.4932167832167832,0.15862871460972455,0.6133333333333333,0.14391355429948602,0.5376623376623377,0.1390337094712409
XGBoost,0.9861574638071223,0.003222315205623352,0.5107142857142857,0.12234423666400457,0.7355555555555555,0.09972802521029725,0.5858213399503722,0.04353996382223114
