Feature,Feature Label,Proxy Random Forest,Logistic Regression,Decision Tree,Random Forest,XGBoost
pl_bmasse,Planet Mass (M⊕),0.04198119182371045,13.280617462436114,0.01625229197722608,0.04198119182371045,0.011925204
pl_orbper,Orbital Period (days),0.2252009073808685,3.8539896524199966,0.19108115335030165,0.2252009073808685,0.08204643
pl_orbeccen,Eccentricity,0.0422558561754504,0.0659261277400722,0.0013003107452502789,0.0422558561754504,0.00644316
st_teff,Stellar Temp (K),0.1410213740079881,1.8207921707631693,0.08569093594748171,0.1410213740079881,0.03518772
st_rad,Stellar Radius (R☉),0.23517368114560774,4.498976334208606,0.6747529771883699,0.23517368114560774,0.7936352
st_mass,Stellar Mass (M☉),0.22599350341636526,2.1602061824594574,0.008180501324088303,0.22599350341636526,0.047442842
st_met,Stellar Metallicity (dex),0.029484374402017267,0.29068567496860787,0.01675439873620327,0.029484374402017267,0.012144869
sy_dist,System Distance (pc),0.05888911164799232,0.8057617816656621,0.00598743073107887,0.05888911164799232,0.011174633
